{"stat.chestOpened":9,"stat.useItem.minecraft.command_block":6,"stat.walkOneCm":38914,"stat.useItem.minecraft.chest":1,"stat.useItem.minecraft.stone":7,"stat.leaveGame":4,"stat.useItem.minecraft.skull":10,"stat.jump":284,"stat.swimOneCm":1400,"stat.fallOneCm":209,"stat.climbOneCm":576,"stat.useItem.minecraft.planks":2,"stat.crouchOneCm":4272,"stat.useItem.minecraft.stone_button":4,"stat.sprintOneCm":33455,"stat.useItem.minecraft.stained_glass":1,"achievement.exploreAllBiomes":{"value":0,"progress":["Forest","The End"]},"stat.useItem.minecraft.stone_slab":2,"achievement.openInventory":20,"stat.flyOneCm":295263,"stat.playOneMinute":66785,"stat.pickup.minecraft.stone_button":1,"stat.useItem.minecraft.cake":52,"stat.sneakTime":2256,"stat.damageDealt":3,"stat.useItem.minecraft.wool":4,"stat.timeSinceDeath":66785,"stat.diveOneCm":6527}