{"stat.walkOneCm":66737,"stat.pickup.minecraft.sign":9,"stat.pickup.minecraft.stick":1,"stat.useItem.minecraft.quartz_stairs":7,"stat.leaveGame":7,"stat.drop.minecraft.wool":1,"stat.pickup.minecraft.wooden_button":1,"stat.pickup.minecraft.stained_glass_pane":2,"stat.useItem.minecraft.glowstone":23,"stat.drop.minecraft.sign":1,"stat.jump":49,"stat.pickup.minecraft.glowstone":1,"stat.drop.minecraft.monster_egg":1,"stat.useItem.minecraft.stone_button":2,"stat.sprintOneCm":75,"stat.drop.minecraft.glowstone":1,"achievement.exploreAllBiomes":{"value":0,"progress":["Extreme Hills"]},"stat.craftingTableInteraction":3,"stat.drop.minecraft.stained_glass_pane":1,"achievement.openInventory":15,"stat.useItem.minecraft.wooden_button":2,"stat.pickup.minecraft.monster_egg":1,"stat.useItem.minecraft.bucket":28,"stat.pickup.minecraft.dye":1,"stat.flyOneCm":43106,"stat.useItem.minecraft.monster_egg":22,"stat.drop":5,"stat.playOneMinute":51080,"stat.pickup.minecraft.stone_button":4,"stat.pickup.minecraft.wool":1,"stat.pickup.minecraft.redstone":1,"stat.useItem.minecraft.wool":7,"stat.timeSinceDeath":51080,"stat.useItem.minecraft.crafting_table":2,"stat.useItem.minecraft.sign":8}