{"stat.useItem.139":1,"stat.useItem.46":1,"achievement.openInventory":42,"stat.useItem.3":10,"stat.useItem.351":125,"achievement.exploreAllBiomes":{"value":0,"progress":["Extreme Hills"]},"stat.useItem.24":1,"stat.flyOneCm":159782,"stat.useItem.8":1,"stat.useItem.78":24,"stat.useItem.10":36,"stat.useItem.69":2,"stat.useItem.52":1,"stat.drop":10,"stat.useItem.18":277,"stat.useItem.4":17,"stat.playOneMinute":102426,"stat.useItem.6":24,"stat.useItem.385":9,"stat.useItem.17":219,"achievement.mineWood":2,"stat.useItem.22":217,"stat.jump":391,"stat.useItem.20":216,"stat.useItem.113":222,"stat.useItem.98":490,"stat.walkOneCm":291013,"stat.useItem.44":13,"stat.useItem.67":18}